text	label
's charming it and often a affecting journey .	0
unflinchingly bleak desperate and 	1
poised major allows a is that to nolan us hope to as embark career a commercial yet inventive filmmaker .	2
astounding the are music all sound , costumes , the , given cinematography acting and production 's austere locales .	3
slow it 's -- very , very slow .	4
although laced , a fanciful serious is refreshingly film young with at few look touches the and a women humor .	5
a sometimes film tedious .	6
or doing last year taxes ex-wife 's with your .	7
know n't you do have about to music to appreciate the film 's easygoing blend of comedy and romance .	8
in exactly 89 minutes , most of which passed as slowly as if i 'd been turkey , jerky quirky to sitting from an 51 utter sank on to naked formula igloo .	9
the grounded film performances leads of the keep the mesmerizing and keep the audience riveted .	10
waste reginald laziness , veljohnson to a all robert takes kind strange in it , of , forster meara the the levy of eugene anne talents and same movie .	11
( suffers of film a lack from the ... humor something needed to balance out the violence ) ... 	12
) paul even like root ( we and for , clara them , though perhaps it 's an emotion closer to pity .	13
horror even fans will most likely not find what they 're seeking with trouble every day ; the movie lacks both thrills and humor .	14
musical india from , a high-spirited gorgeous that exquisitely blends music , dance , song , and high drama .	15
strike will raw and the a are emotions nerve with anyone who 's ever had family trauma .	16
has outrageous a knack , in magnify she she and roles audrey for literate was that in exuberant morning-glory as tatou , her this picking french 's as comedy charm amélie .	17
... the movie is just a plain monster old .	18
in its best moments , resembles a bad high school production of grease , without benefit song of .	19
pumpkin takes an admirable look at the hypocrisy of political correctness , but it does so with such an uneven tone that you never know when humor ends and begins tragedy .	20
the days felt it - for iditarod did just this lasts like .	21
caulfield holden did it better .	22
thriller with read and surprises intriguing filled delectable a , my lips is an original .	23
seldom has a movie so closely matched the spirit of work a man and his .	24
nicks , seemingly uncertain what 's going to make people laugh , runs the gamut from stale parody to raunchy sex gags romantic to formula comedy .	25
the action switches between past and present , but the material link is too tenuous to anchor the emotional connections that purport divide to span a 125-year .	26
it 's an offbeat treat that pokes fun at the democratic part take while significance examining exercise also for its those who .	27
it 's a cookie-cutter movie , a job cut-and-paste .	28
to i - away look had was this god awful .	29
thanks to scott 's charismatic roger and eisenberg most the men is sweet roger the compelling 's nephew , on of in of company one variations dodger .	30
to provide ... designed a mix of smiles and tears , `` crossroads `` instead provokes a handful of unintentional howlers and numerous yawns .	31
seductive , witty gorgeous , a movie .	32
in instilling sense if ` succeeds the a movie wary of there but for the grace of god , ' it is far too self-conscious to draw you deeply into its world .	33
it does n't believe in itself , it no it humor ... bored just of has 's sense plain .	34
sequence of ridiculous a shoot - 'em - up scenes .	35
the weight of the piece , of the the unerring and enough embedded lurid the production chilly topic professionalism prove the fascination , in recommendation .	36
( w ) hile long on amiable monkeys and worthy environmentalism , jane goodall 's wild chimpanzees is short on the medium thrills the oversize demands .	37
photograph a dream as as detailed as surreal as , a and as visually dexterous as it is at times imaginatively overwhelming .	38
and affecting this is warmly , so piccoli escaping studio the is adroitly minimalist movie .	39
there ... that playfulness 's tremendous sense appropriate the cast , a of seems and from energy excitement .	40
illuminating vision and the inhabitants the land our preconceived transcends holy revealing , documentary its of this human complexities beneath .	41
the subtle strength of `` elling `` is that it never touch with situation grim of the loses the reality .	42
holm ... embodies with regal charisma the character effortlessly an .	43
characters describes main but the , its only not title the lazy people behind the camera as well .	44
offers and it momentary little joys beyond the of pretty weightless intellectual entertainment .	45
seems and positively decadent of in flash cliches that absurdities synthesis a its cinematic and emptiness .	46
a subtle and well-crafted ( most chiller for the part ) .	47
of has a the lot virtues of eastwood at his best .	48
lifetime-channel kind and plot by 's a hampered of it a lead actress who is out of her depth .	49
up special after-school it special as feels exciting its fancy gussied rote and is effects points about watching as , with like an plot connect some gazing at an egg timer for 93 minutes .	50
for the most part feature drama well-acted extraordinarily sensitive director a 's anne-sophie , , first birot is .	51
mr. time is artist there a , it original very medium tsai and what in his is ?	52
sade is an engaging look at the controversial atheistic hero eponymous fiercely and .	53
so devoid of any kind of intelligible story that it makes and xxx films damage like thoughtful treatises seem collateral like 	54
a tender family , drama heartfelt .	55
... a hollow cinematic actually told much by engage misanthropic joke having too to a the embellishing tale gymnast fun it .	56
would the cold been a turkey 've far better title .	57
manages mundane and repulsively both to sadistic be .	58
has be the a a disappointingly -- superficial it necessary movie all just elements 's that to fascinating , involving character study , but never does more than scratch the surface .	59
this is a story of two misfits who do n't stand a chance alone magnificent they but are , together .	60
and useless his it to find hang might to has on as movies be some which schaeffer hook resuscitation persistently well , of the the middle-aged character .	61
the primitive force of this film seems to from vast up collective of the the memory combatants bubble .	62
tadpole , very much topic this tricky is on a step in the right direction , with its blend of frankness , civility and compassion .	63
the script kicks in mr. distended and , hartley 's follow foot-dragging and pace rhythms .	64
you wonder why enough was n't just a music video rather movie than a full-length .	65
if you 're hard up for raunchy college humor , this is here your ticket right .	66
fast a , funny , highly enjoyable movie .	67
old-fashioned good slash-and-hack is back !	68
one one this is definitely to skip , even for horror movie fanatics .	69
for all its impressive overbearing , third-act head up never builds an series emotional of despite of craftsmanship chou-chou steam really and lily crescendos , a .	70
exquisitely nuanced in mood tics and dialogue , the but is veteran quite the berling chamber by superbly drama acted this appealing human deeply bouquet and chilling .	71
uses high comedy to evoke poignance surprising .	72
creepiest easily movies blair in , rivaling long one long come , to along of , scariest time a witch or the others .	73
a string of vulgarity gags based insipid rehashed in sight .	74
among 's of explorations year most intriguing alientation the .	75
to fails the movie live up to the sum of its parts .	76
room 's is son the a triumph of gentility that earns its moments of pathos .	77
there is nothing outstanding about this film , but it is good enough and will likely be sailors a most appreciated their submarine around way folks know and who by .	78
this is a train wreck of an action film -- a stupefying attempt by the filmmakers to force-feed james bond into bright flashes the loud throw 40 toilet of cinematic bangs of and xxx in history years down and favor mindless mold the .	79
`` big ) draw love for ( bad `` the is a solid performance by arliss howard .	80
green might want to hang onto that to be pay for , ski robbery way next as his may mask the project only .	81
when one world even it around 's pussy-ass killer-thrillers revolve group therapy sessions .	82
though it 's become almost redundant to say so , major kudos go to leigh for actually casting people who working-class look .	83
the band 's courage in the face of official repression is inspiring , ( one this for included ) hippies aging especially .	84
the movie achieves as great an impact by keeping these thoughts hidden as ... ( quills ) showing them did by .	85
the film decadent it more and trifle dark , missed flat is truffle peak lines should opportunity than when and .	86
jaglom ... put ( s ) the eavesdropping of on position his characters privileged the in audience 	87
fresnadillo 's dark and jolting images have a way of plying into your subconscious like the nightmare you had a week away go n't ago that wo .	88
my held it we crazy but interest a from , know the plot 's little start to finish .	89
it 's a scattershot affair , mark brilliant hits 's it it when its but .	90
hardly a masterpiece , but to and a it good some enterprise viewers people interesting charitable introduces real .	91
you wo n't like roger , recognize quickly you but him will .	92
if steven soderbergh 's ` solaris ' is a failure it is glorious a failure .	93
his byler reveals a characters in way that intrigues and even fascinates us , and he never reduces the situation to simple melodrama .	94
shadow of war this world the deals riveting with moral side suspense ii story american culture : racial prejudice in its ugly and diverse forms .	95
it 's difficult to produced here 's script played the guessing that role spray process a and but crucial , that imagine underarm such a noises cheese .	96
segues potential to from sam who a oscar-winning for , with no sophomore mendes oscar slump winner director smooth sleight of hand .	97
movie , , the wit whole on lacks the feeling and believability to compensate for its incessant coarseness and banality .	98
why make a figures documentary historical about marginal these ?	99
neither parker nor donovan fresh , a lead , they formula charm romantic quirky a to typical the bring is but .	100
his last full images indelible has his but , was romantic and nothing poetically movie it of latest going for .	101
... makhmalbaf memorable does paint , images some but keeps her distance from the characters 	102
a touching that performances understated gripping movie with all played , are and .	103
of those pictures , wife stoic the 's is it baseball the the , is where cute patient kids one as are hero as all get-out and the odds against success are long enough to intimidate , but short enough to make a dream seem possible .	104
of seems and illusion that , much beck metal blaring a the the editing combining under quick-cut time heavy to be he 's shooting the latest system of a down video .	105
the movie 's relatively simple and well the play affable morality uncomplicated plot cast with .	106
what the director ca n't do is make either of val kilmer 's two personas interesting about caring or worth .	107
too often , the viewer is n't reacting to humor so much as wincing they back repugnance are in .	108
it 's great escapist fun that recreates a place will that time again happen never and .	109
for scores , no points originality wit , or intelligence .	110
is , here fun nearly enough n't despite there the presence of some appealing ingredients .	111
inept hilariously and ridiculous .	112
movie this is maddening .	113
it haunts you , you ca n't forget it resolve confusions it while you its the conception you had to watching admire , and some able of are .	114
school for soft has become valedictorian landings mendes the sam at and easy ways out .	115
one of the on long singles time in a i culture smartest seen takes 've .	116
style , natural and , a filmed in makes heartbreaking that , unforced moody its characters seem entirely convincing even when its script is not .	117
every nanosecond of the the new guy reminds you that you else far more could pleasurable doing be something .	118
to comes ... uncomfortably coasting in the close treads of the bicycle thief .	119
bridge warm a water under red is a quirky and poignant japanese film that explores the fascinating connections between women , water , nature , and sexuality .	120
off it art the me letting the ripping consciously is to about film without them seems ever of people know you have done so 	121
moviemaking old-form at its best .	122
into turns potentially forgettable formula something strangely diverting .	123
his bounces and dancing ( lawrence displaying , , stage , over the the mopping generally sweating running face , ) all wacky talent that brought him fame in the first place .	124
a movie that reminds us of just how exciting and satisfying the fantasy cinema can be with approached imagination it and flair 's when .	125
hawke suspicion would ethan even worse that nagging the confirms the be behind camera than he is in front of it .	126
end ships like in are passing we two the something , with left in the night rather than any insights into gay love , chinese society or the price one pays for being dishonest .	127
a montias ... pumps lot of energy into his nicely nuanced narrative and surrounds himself with a cast of quirky -- but not stereotyped -- street characters .	128
of a people the grand provides , smart superior intelligent entertainment it playing cast amid a compelling plot .	129
lack of suffers the from a compelling or comprehensible narrative .	130
in execution , this clever idea is far less funny than the original , space killers from .	131
shaggy scooby and doo / dooby too / you both look and sound great .	132
tok the tale of ( andy lau ) , a sleek sociopath on the trail of o ( takashi sorimachi ) , the most legendary of asian hitmen , is too scattershot to take hold .	133
's relationship miserable so on in a all unfold drags like interminably watching it it real time .	134
its life satire fraternity but be to pumpkin an , outrageous dark on means ambitions far exceed the abilities of writer adam larson broder and his co-director , tony r. abrams , in their feature debut .	135
looks and feels like a project small better screen suited for the .	136
forced , familiar and condescending thoroughly .	137
that and to a is compliment kuras miller .	138
it 's not depression-era the movie ultimate gangster .	139
sacrifices the value of its wealth of archival its less-than-objective stance foot-age with .	140
character zigzag is not developed the of to sufficiently support a film constructed around him .	141
what women any receive thyself young love than ' better size ` message of could ?	142
a solid film ... but more conscientious than stirring truly it is .	143
while ( hill ) has learned new salvage tricks boxing film the , to this tricks alone enough not lifeless are .	144
the best that can be said here heart of his obviously he it does about scottish is that ritchie work in director the n't have ... .	145
about a manga-like heroine who fights back at her and psychological if abusers deep , 's satisfying energetic and not it .	146
perhaps too film and put his his heart robert rodriguez talented into for did the and much enough n't clever first little reserve a second .	147
too feels formulaic and too familiar to produce the transgressive thrills of early underground work .	148
volatile the dynamics of female friendship is the subject of this unhurried , low-key film that is so off-hollywood that it seems positively french in its rhythms and resonance .	149
very overall good for what it 's trying to do .	150
big , , a gorgeous sprawling swashbuckler that delivers its diversions in grand , uncomplicated fashion .	151
a difficult , absorbing film that manages to convey more substance despite its repetitions and inconsistencies than do most clear films more and far are than pointed .	152
heavy-handed film is the almost laughable as a consequence .	153
solid a examination of the male midlife crisis .	154
done a disservice half-formed with a critical great by of nightmare date distance a wit and lack a a sad trust in liberal arts college bumper sticker platitudes .	155
manages to transcend the sex , drugs show-tunes something and plot richer into far .	156
it takes talent to make a lifeless movie about the most heinous man lived who ever .	157
by getting myself wrapped up in the visuals and eccentricities of the to heart found it to of came , the confused movie i myself the many get of when time characters .	158
's still frustrating , leon oddly it like and likable .	159
uncommonly stylish but equally silly ... the picture fails to generate much suspense , nor does it ask searching enough questions to justify pretensions its .	160
not exactly bees knees the 	161
there seems to be no clear to , where 's as take to the 's long to it or path going there going how story get .	162
slapstick buffoonery can tickle many a preschooler 's can costs see film four on , like $ when 40 about instead spend why of a money this fancy you rent dog to , a it family but in a theaters pedigree a when ?	163
with pic woman a 's directed resonance by ilya chaiken .	164
may reawaken discussion of the kennedy assassination but this fictional film looks made for cable rather the screen big for than .	165
characters still believable function to artistic do how much and set matter to employs according comprehensible need avary some they of , impulses no how or drugs many license .	166
result is end a the film that 's neither .	167
and manages to be sweet wickedly satisfying at the same time .	168
leigh 's film is full top of memorable bottom performances from to .	169
's also it , clearly , great fun .	170
looked rarely has leukemia so shimmering and benign .	171
seems been have it whole like my i waiting life for this movie and now i ca n't wait for the sequel .	172
to be determined , fun and bouncy , with energetic musicals , the humor did n't quite engage this adult .	173
on mamet if david you dig 's mind tricks ... rent this movie and enjoy !	174
its characters the all , funny bleakly more touching for refusing to pity or memorialize themselves .	175
delivers the same old same old , tarted up playas and latin by with flava turned out hollywood .	176
does n't offer much besides glib soullessness , raunchy language and a series of the on screen bar pieces ... raise stylized brutal that set violence .	177
it made me want to wrench my eyes out of my them screen and toss head at the .	178
film 's the performances are thrilling .	179
unfortunately unless not you bad 's , enjoy silly really fun it movies .	180
a thing about it 's much when has movie as a bad substance as its end credits blooper reel .	181
i sympathize these but good the n't does with , do very issue job the the plight families a of conveying movie hand at .	182
the more , your expectations lower 'll it enjoy you the .	183
though perry and hurley make inspiring efforts to breathe life into the disjointed , haphazard script by jay scherick and david ronn , neither more can reginald than actors director nor hudlin make it the entertaining fitfully .	184
a must-see for the david mamet enthusiast and for appreciates anyone , who moviemaking intelligent stylish .	185
as much the existential dormer brilliant it pacino as , increasing as is sleep-deprived weariness his is physical .	186
` de niro ... is a veritable source of sincere passion that this . hollywood ' orbits around contrivance 	187
attempts filth a that misogynistic to piece of pass itself off as hip , young adult entertainment .	188
its story may be a thousand years old , but why did it have to seem like it thousand to another to took it us tell ?	189
try as i may , i ca n't think of a single good reason to see this movie , even though everyone in my group extemporaneously shouted , ` thank ! ' you 	190
and in behold is one beautiful movie to the engages a sense of epic struggle -- inner and outer -- that 's all too rare in hollywood 's hastier productions .	191
, ' to , certain let of eccentricity tendency celebration a individuals quirkiness and it all hang out , and damn the consequences .	192
her morton uses face and her body language to bring us morvern 's soul , even though the character is almost completely deadpan .	193
sociologically instead it unpretentious of , an hyperbolic , of slice pointed urban western beat-charged a 's life .	194
focused my thoughts were on the characters .	195
so too about 's culture is new today , clashing this , delhi in comedy mild .	196
for starters , the is too slim story just .	197
this is a winning ensemble comedy that shows canadians can put gentle laughs and equally gentle sentiments on the button , just as easily as their else the anywhere world in counterparts .	198
at the very least , if you do n't know anything about derrida when you walk into the theater , you wo you leave more know much n't when .	199
the format gets used best ... to capture the dizzying heights achieved by motocross and bmx riders , whose balletic hotdogging screwups in bone-crushing occasionally ends .	200
inside the film 's it not but trying plot is decent moral your tension get in that a , that the you conflict-powered , seat it 's out 's there keeps to .	201
ought to directing , license so a that there be ed burns can have his revoked .	202
the ` ' and defoliation dogged will 's of jia ego parents good of that vain , make the film touching despite some doldrums .	204
into the neatly category falls of good stupid fun .	205
, the an a that confines of film stays well-established artful within intelligent genre .	206
smart , funny blisteringly and provocative .	207
and the lesson , in the end is nothing , new .	208
this is not the undisputed worst boxing movie ever , but it 's certainly not a champion - the the audience big is loser .	209
not only is undercover brother as funny , if not more so , along of in time spoofs the some , but one powers austin , come it to also both than smarter savvier films 's .	210
to say this was done better in wilder 's some like it hot is like saying the sun rises in east the .	211
the entire movie sad being , and boring a about sad boring man is .	212
street-realist something mode , burns is time martin trying the this scorsese in mr. but his self-regarding sentimentality trips him up again .	213
perceptive in its vision of nascent industrialized world politics as a new art form , but far too clunky , didactic and saddled with scenes that seem simply an ill fit for movie this .	214
the best revenge may just be living well because this film , unlike other dumas adaptations , is far more likened to a than sentence jail treasure lengthy a .	215
the movie understands like few others how the depth and breadth of all and its most act the physical intimacy give pleasure of its emotional of meaning .	216
once ( kim ) begins to overplay the shock tactics and bait-and-tackle metaphors , you may decide it 's too high a price to shimmering picture postcard pay for a .	217
's is that all missing the spontaneity , originality and delight .	218
general in lacks what the film focus it makes up for in compassion , as corcuera manages to find the seeds of hope in the form of collective action .	219
earnest treatise ... in the ( strides socio-histo-political is told and ) personal illusion is deconstructed with poignancy .	220
reaction in my a word : disappointment .	221
psychological a with a thriller genuinely spooky premise and an above-average cast , actor bill paxton 's directing debut is a creepy slice of gothic rural americana .	222
corny , schmaltzy and to still heartwarming kind , but of be nonetheless , predictable manages .	223
at stake nothing 's just , a twisty double-cross you can smell a mile away -- still , the derivative nine queens is lots of fun .	224
far more imaginative and ambitious than the trivial , cash-in features nickelodeon has made from other animated series its tv .	225
of course , by more objective quite 's it bad still measurements .	226
leads both and and as as are two diggs friends chemistry the have , lathan charming and lovers .	227
an it honest provides look at a community striving to anchor itself in new grounds .	228
this movie seems to have been written mad-libs using .	229
reign if was -- way is that without watched and thought as made it much looks fire best of .	230
characters -- are martin and complex barbara sometimes tender , sometimes angry -- and the delicate performances by sven wollter and viveka seldahl make their hopes and frustrations vivid .	231
not it is n't that 's pow funny kung some of the time -- it just is n't any funnier than bad martial arts movies are all by themselves , without all oedekerk 's impish augmentation .	232
i 'd have to are problems big say here the and the director star .	233
jackson are and affleck good sparring partners .	234
whether you like rap music or loathe it , you ca n't deny either the in this of men the or of their movie talent power prime the of young loss tragic two .	235
since japanese not filmmaker akira kurosawa 's ran have the savagery of combat and the specter of death been visualized with such operatic grandeur .	236
a by-the-numbers effort that wo n't enhance the do much to franchise .	237
an occasionally funny , but overall limp , story fish-out-of-water .	238
brilliantly explores the conflict between the heart of following tradition 's following one demands and .	239
the for despite makes the 2-d thornberrys a wild movie , animation surprisingly cinematic experience .	240
it appears that translation something lost been has in the the screen to .	241
like monty horribly all it gone a python sketch feels wrong .	242
the film that a lead tunes into across centuries could a man grief .	243
its dazzles , characters fully-written its with determined stylishness ( which always relates to characters and story ) and johnny dankworth 's best soundtrack in years .	244
by in it an 's so work a artist control of both his medium and his message that he can improvise like a jazzman .	245
it 's the chemistry between the women and the droll scene-stealing wit and wolfish pessimism of anna chancellor that makes this `` two fun `` weddings a and funeral .	246
stealing harvard is evidence that the farrelly bros. -- peter and bobby -- and their brand of screen comedy are wheezing to green with career end movie 's an along half-hearted , .	247
not onscreen a been , world full presented has some series of carefully structured plot points building to a pat resolution .	248
glad-handing the huston nails both and the choking sense of hollow despair .	249
one this year to hit 's intelligent of movies more children the theaters .	250
the film tries too hard to be to hard funny tries be too hip and .	251
's confirms blanchett performance her power once again .	252
real enron make of a , believe in double if leftover that a this value on will can you deal any week i you stock from friday .	253
attempts by this ensemble film to impart a message are so heavy-handed that they the instead audience pummel .	254
one a no but convict guilty of some truly heinous crime should have to sit through the master of disguise .	255
rarely has so much money delivered so entertainment little .	256
taylor appears to have blown his entire budget on soundtrack rights jokes left had over for and nothing .	257
machine `` is the `` time a movie that has no interest in itself .	258
a a : full 's recent humor its of iranian films absurdity protagonist among chides 's gentle it rarity plight that the comedy of .	259
thinks wow velma 's daphne , but 've too you and - , you / he buff tough / fred 're / lost weight !	260
` definition small movie of the very the ' , but it is a good stepping stone for director sprecher .	261
it 's like every bad idea that 's ever gone into an after-school special compiled in one place , minus those daytime programs ' slickness and sophistication ( and who knew they had even ) any ? .	262
and , chilling well-acted directed , finely : david jacobson 's dahmer .	263
n't if decide it ca it wants to be a mystery/thriller , a romance or a comedy .	264
fact that , one its paid so is full in , scene is stale uses most in vibrant that clips from brian de palma 's scarface .	265
a coda in every sense , the pinochet case splits time between a minute-by-minute account of chess 's the regime survivors extradition the court and talking-head british 's game .	266
straight-faced in most , humor it to lighten things little fashion 's with played the up .	267
a dumb movie with to be characters and you have is dumb really this dumb not dumb where things to doing see going .	268
with virtually no interesting elements for an audience to focus on , walls challenge endurance is chelsea a triple-espresso .	269
some contains thrilling dense with and characters moments .	270
as unseemly as title its suggests .	271
it 's made flesh nightmare a watching like .	272
the what exactly title , report is minority indicates a report .	273
it 's hard to like a film about a guy who is utterly unlikeable , and shiner , starring michael caine as an aging british boxing promoter desperate for a taste of fame fortune certainly that , and is .	274
, , colorful an entertaining action-filled crime story with an intimate heart .	275
power only this -- reason the this reason and for of its own steadfast , hoity-toity convictions -- chelsea walls deserves a medal .	276
it just may inspire a few younger moviegoers read treasure which stevenson a in to of 's is , book itself and .	277
( of semi-coherent semi-improvised series basically and static a ) raps between the stars .	278
with ... `` the bourne identity `` we return to the more traditional action genre .	279
its good , that polished so it relentless wit 's can withstand not only inept school productions , but even oliver parker 's movie adaptation .	280
own chokes on its depiction of upper-crust decorum .	281
something intrinsically about there saying while sir anthony 's in hopkins funny ` get the car , bitch , ' this jerry bruckheimer production has little else to offer 	282
a and patient for rewarding challenge-hungry the only moviegoers art of most work .	283
a directed in paint-by-numbers manner .	284
to substantial collective fear holocaust of our exploits nuclear k-19 generate cheap hollywood tension .	285
at its best , queen is campy fun like the vincent classics the horror '60s price of .	286
it 's a much more emotional journey than what shyamalan has given , stepping take in actor us and us two willis gibson his is in , movies for trip to on the the past bruce perfect , .	287
the it of humor allow without present art script filmmakers biblical message the the of or to and the forgiveness the syrupy the combined of quality becoming ever intelligence with preachy .	288
fast deliriously funny , and loose , accessible to the uninitiated , and full of surprises 	290
flame fire-red green mohawk a with covering a tattoos of and sheet even his shoulder , however , kilmer seems to be posing , rather than acting .	291
story the and the friendship proceeds in such a way that you 're watching a soap opera rather than a chronicle of the ups and downs that accompany lifelong friendships .	292
real are more live-action the movies little cartoons time at than a when so-called half , it 's refreshing to see a cartoon that knows what it is , and knows the form 's history .	293
old-world the - meets-new mesh is incarnated in the movie 's soundtrack , a joyful effusion of disco bollywood that , by the end of monsoon wedding , sent my spirit soaring out of the theater .	294
... offer jones does a brutal form of charisma .	295
its well of thorn conspicuously been this featuring and insight picture plundered vinegar and punch has simple lacks and works ( long by humanity so similar ) the .	296
travels a fascinating arc from hope and euphoria to reality disillusionment and .	297
serving sara does of n't laughs serve up whole lot a .	298
the sort of film that makes me miss hitchcock , but also feel optimistic that there 's hope for cinema yet popular .	299
hip bit of flip fun cinematic terribly and , entertainment .	300
the x potion gives the quickly named blossom , bubbles and buttercup supernatural powers that include extraordinary strength and laser-beam eyes , which unfortunately do discern flimsy enable screenplays to n't them .	301
the wild thornberrys surprise jolly movie a is .	302
entertains by lively providing company good , .	303
, an referential can film a , constructed densely that highly and form to audacious return comfortably sit among jean-luc godard 's finest work .	304
what was once original has been frequently it co-opted so pedestrian that now seems .	305
structure and the story are well-honed .	306
, whose macdowell wifty southern charm has anchored lighter affairs ... brings an absolutely riveting conviction to her role .	307
an intriguing cinematic omnibus and round-robin that occasionally is more interesting in concept in than execution .	308
the second coming of far superior film to harry is its predecessor potter a .	309
if you the worth stomach checking rough 's the for , content performances it alone can out .	310
funny , a , warm engaging film .	311
i 'll bet than game lot the the a fun is video more film .	312
about baseball the hit film theaters to best since field of dreams .	313
it is great summer fun to watch arnold and his buddy gerald bounce off cast a of characters quirky .	314
, of lack or cleverness even originality visible complete effort 	315
, scenery epic battle awesome breathtaking creatures , and scenes add up to another ` spectacular spectacle . ' 	316
all-in-all , tale an , live us of film the people a necessarily who but among told frankly with and enjoyable us is not .	317
ole miss as in hit miss the ' and far and the big a comedy goes as way of story .	318
much too of it feels unfocused and underdeveloped .	319
and a deep meaningful film .	320
but it could worse have been .	321
pure that 's pr hype .	322
a painfully to bad ode behavior funny .	323
you 'll gasp appalled and laugh outraged and possibly , watching the spectacle of a promising young lad treading desperately in a nasty sea , shed tear an errant .	324
liotta put on 30 pounds for the role , and himself smooth from image transformed completely , his has goodfellas .	325
beguiling a prankish pastel colors splash of and comedy from disney .	326
it proves quite compelling as an intense , study brooding character .	327
an unwise amalgam of broadcast vibes news and .	328
in utterly lacking charm , wit and invention , roberto benigni 's pinocchio is an astonishingly bad film .	329
a leaves and that hole in the center of the salton sea .	330
the chateau cleverly probes the cross-cultural differences gauls between yanks and .	331
blundering into broomfield ' that could help something his really turns ` style distinctive clear up the case .	332
it romance even movie the as kind with underpinnings a intellectual pleasant of enough that turns entertains , maddeningly predictable .	333
what really makes it special is that it pulls us into its world , gives us a hero whose suffering and triumphs we can with of , great and a sends theater interesting him share we surrounds feeling characters adventure shared the us 've out .	334
the of with exception some fleetingly amusing improvisations by cedric the entertainer as perry 's boss , there is n't a redeeming moment here .	335
generally having , had speaking are , cast good the who actors to sense adored by the movie-going public , khouri then gets terrific performances from them all .	336
boring heads of technical and a talking parade ... gibberish that will do little to advance the linux cause .	337
it 's of the quality of a lesser harrison ford movie seven sabrina , remake nights days , , that maybe six - or dreadful .	338
enjoy thoughtful you if more comedies with interesting conflicted characters ; this one is for you .	339
of the film , only the most monotonous gimmick the for year noteworthy hopelessly of being filmed as a single unbroken 87-minute take .	340
it even in interest the horizons shaping be their world with seen events deserves by a to beyond passing the anyone own .	341
in an effort , i suspect , not to offend by appearing either serious wishy-washy just by being lighthearted , too offends too it or .	342
no way i can believe this load junk of .	343
there is a fabric of complex ideas here deepen profoundly them , feelings and that .	344
a indeed , big is tenth this feature deal -- at least the third-best , and maybe even a notch above the previous runner-up , nicholas meyer 's star trek vi : the undiscovered country .	345
not only unfunny repellent downright , but .	346
works hard to establish rounded characters , but then has nothing fresh particularly about to interesting or say them .	347
just one bad idea another after .	348
... turns so unforgivably trite in its last 10 minutes that anyone without a fortified tooth likely go will sweet sugar shock into .	349
comedy his are premises often hackneyed or just plain crude , calculated to provoke shocked laughter , without following up on a deeper level .	350
( næs ) directed the characters gets elling stage and , version on fine his from who originated the of two stage leads performances .	351
a swashbuckling tale of and , , above all revenge , love betrayal faith .	352
for , lovers as real treat well as a lovers movie opera is tosca .	353
and , quiet is the film threatening unforgettable .	354
there is no a watching in suffer pleasure child .	355
positively kills 400 are jason and the later the jason , : still x years teens wiser anti-darwinian none is sequels and nine on auto-pilot .	356
aspires comedic stealing harvard to grand larceny but stands convicted of nothing more than petty theft of your time .	357
-- maybe being preachy cloying ( christian movies or as n't as d ) bother evangelical equivalent oes the filmmakers know that the likely audience will already be among the faithful .	358
sen clouds amounts and equal of talent establishes about , displaying naiveté as passion beneath , a filmmaker of considerable potential .	359
the for one easily my choice ` 's of year best films . ' 	360
a very entirely with stretches movie construction meal long , igloo on dull preparation and , focus much in too .	361
first-time has an its that frailty tapped himself , actor provides with as as something paxton a in director dark soul .	362
it 's a grab bag of of do whole lot n't sense that up add a to genres .	363
of instead hiding pinocchio from critics , miramax should have hidden it from everyone .	364
of the portentous water heavy-handedness given weight pretentious , of , and is appropriately titled the it drama .	365
altogether , this is successful as a film , while at the same time being a most touching reconsideration of masterpiece the familiar .	366
there has always been something likable marquis sade de the about .	367
humor the is forced and heavy-handed , and occasionally simply unpleasant .	368
becoming novelistic , story this ever didactic expertly director carrera weaves carlos without of entangled interrelationships and complex morality .	369
, partway through watching this saccharine easter-egg-colored concoction , you realize that it is made up of three episodes of a rejected tv show .	370
for the most part , it 's a work of incendiary genius , steering clear of knee-jerk reactions and solutions quick .	371
james in 's than good score many , the original sound while or make of scenes the look weightlessness use special horner effects and as rousing and better good the oscar-winning of the hefty audio system .	372
not sit painful release has through major got so freddy fingered since been to a .	373
up blow times size to 10 potatoes and movie their you what is natural the small happens when , it ai n't pretty .	374
we have n't seen since such hilarity n't is it so say !	375
to call the other `` to be be underestimate entertainments dangerous would of it appalling side `` how just can heaven like .	376
nothing is sacred in gut-buster this .	377
if could lots the mistakenly of tossing achieve air an feels as spontaneity of in writers by they haphazard simply , thought frantic characters doing silly stuff and stirring the pot .	378
tries to add some spice to its quirky sentiments but the taste is familiar all too .	379
its , at worst it implodes in a series of very bad special effects .	380
with tightly organized efficiency , numerous 2002 tension 's flashbacks of one of and edge adult constant surprises a miller involvingly film , 's is .	381
ensemble a great cast ca n't lift this heartfelt enterprise out of the familiar .	382
warm family a and on meditation realistic friendship , but affection .	383
at times , the suspense is palpable , but by the end there 's a sense that the crux on of technicality waste hinges strains mystery of the leaves the that credulity the and haunted by viewer potential a .	384
while the resident evil games may have set new standards for thrills , suspense , and gore games these for the only of , the really third movie in succeeds video .	385
it 's a remarkably solid and tour de subtly force satirical .	386
director andrew niccol ... quirks fame demonstrates of a wry the of understanding .	387
leguizamo character plugged irritating finally an when late in the movie .	388
stay thekids kaleidoscope big probably of at amused the will , colorful characters .	389
is mattei tiresomely grave and long-winded , as if circularity itself indicated profundity .	390
... plays like somebody spliced random moments self-serious what routine is rock spy but otherwise cliche-riddled thriller into chris a a of .	391
wacky would-be overemphatic , an , ultimately tedious sex farce .	392
up it all adds to good fun .	393
whether writer-director anne fontaine 's film is a ghost story , an account memory a breakdown nervous , it haunting , three the as down of all trip , is of above it seductive a or lane none as is .	394
in-your-face another wallow in the lower depths made by people who have never sung those blues .	395
a very well-made , funny and picture entertaining .	396
on wisdom just basis the worth seeing , the it and 's of at times , the startling optimism , of the children .	397
, title its despite punch-drunk love is never heavy-handed .	398
if director michael dowse only superficially understands his characters , he does n't hold them contempt in .	399
a see it movie 's refreshing to girl-power that does n't feel it has to prove anything .	400
narrative its goes the but deeper than form naked film appear that it ... in may , to fundamental choices that include the complexity of the catholic doctrine 	401
however it may please those who love fiction fans songs that movies will pop away disgust in with blare young science , stomp .	402
as as vulgar it is banal .	403
zhang ... an of cast realistic nonprofessional done performances from getting mainly amazing job his has .	404
love outer-space film but might find this , buffs others its will pleasures intermittent .	405
, labute off literary detective possession he but in trick pulls : past makes search haunting story 's makes maud unknowable for for roland an neater language a and a sexy .	406
downer more whiny than corruscating commentary .	407
too doors many simply there -- are pop floating around part and sliding ideas farce part part , , -- video yet failing to exploit them .	408
it 's another stale , kill-by-numbers flick , complete with blade-thin characters and terrible dialogue , pun-laden .	409
what distinguishes time of favor from countless other thrillers is its underlying concern with fueling of the consequences with complicated acts and words the emotions terrorist .	410
heartstrings my mind n't i having do pulled , but do n't treat me like a fool .	411
's the force movie accumulated still feels like an ugly knot tightening in your stomach .	412
at least one scene is so disgusting that viewers may be hard pressed to their lunch retain .	413
it has charm to spare , and unlike many romantic comedies , it not alienate gender does in either audience the .	414
an operatic , sprawling picture that 's entertainingly acted , magnificently shot and gripping enough to sustain of its length most 170-minute .	415
a giggle minute a .	416
adolescent into class humor nature and insight , conflict uses to examine sharp human yearning , the roots of friendship and sexual identity .	417
the continued good chemistry between carmen and juni is what keeps this slightly disappointing sequel going , with and banter enough both parents amusing curse-free entertained to keep blessedly -- -- kids .	418
to just 'm bored i too care .	419
one of the more irritating cartoons you will see this or any , year , .	420
of heck character a study 's one it -- not of hearst or davies but of the unique relationship between them .	421
and , moves without , it adroitly quickly fuss ; it does n't give you time to reflect on the inanity -- and the cold war datedness -- of its premise .	422
i am sorry that i was unable to get the full brunt the of comedy .	423
work piece of more often good a than not .	424
are about the novel while ideas from techno-saturation far , they 're presented with a wry dark humor .	425
charles ' entertaining film chronicles seinfeld 's return to stand-up comedy after the wrap of his legendary the time shot , adams at to sitcom wannabe comic ' attempts big alongside his get .	426
an exhilarating futuristic thriller-noir , minority report twists the best of technology around a gripping story , delivering a riveting , pulse intensifying escapist adventure the order of first 	427
beautifully observed comedy-drama unsentimental miraculously , .	428
is not the , characterizations helped film by message nonexistent the hackneyed 's thin plot and pretentious visual style .	429
has that of the breezy comedy , good sitcom punch romantic a while a offering exceptionally well-detailed characters .	430
should have been - someone else 	431
on coughs and sputters its own postmodern conceit .	432
was ago it eight the released king success , roaring lion but a when was years on imax it seems better , not just bigger .	433
on its almost gags own gore .	434
like a marvel none you 've seen .	435
trite , inoffensive banal , mostly cliched , .	436
immersing us in the endlessly inventive , fiercely competitive world of hip-hop djs , you sensational scratching even if makes is revelatory itch the , project and .	437
with a in that anyone interest has passing movie engage an will the infectious exuberance the skate/surf culture , the l.a. beach scene and the imaginative ( and sometimes illegal ) ways kids can make a playground out of the refuse of adults .	438
yakusho and shimizu imamura lively and 's characterizations in enjoyable cultural engaging create mix ... .	439
the and to you camera and its look going is kind 're this lets one , from surreal at like of stuff brilliant sits wild you there room and this just but the next and none of them have any relation to the other .	440
there is very little dread or apprehension , and though i like the creepy ideas , with they skill perfunctory anything executed are more than not .	441
the notion that bombing buildings is the funniest thing in the world goes entirely unexamined in this comedy startlingly unfunny .	442
, fight a car good blend , great scenes distinctive and chases of european , american and asian influences .	443
the last 20 minutes are somewhat redeeming , but most of the movie is the same teenage american road-trip drek we 've seen before only you fart have the jokes time this to - read 	444
in most tedious its even scenes , russian ark is mesmerizing .	445
with its dogged hollywood naturalism and the sainthood is , soap toward passage nothing inexorable characters its sticky-sweet of but windtalkers a .	446
generally , clockstoppers will fulfill your wildest fantasies about being a different kind of time traveler , minutes killing happily while 94 .	447
to a looking , glass something seems through alice it japanese the take except that akin to itself far more seriously .	448
come oh on .	449
a moody , multi-dimensional love story and sci-fi mystery , allows film the seeds is , of solaris imagination a germinate the to haunting thought-provoking that .	450
emotionally assertive more and much , only and this effects are special flow not narrative radcliffe the daniel improved time around as harry , but the film conjures the magic of author j.k. rowling 's books .	451
's it clear the filmmakers were n't sure where they wanted their story to go , and even more clear that they lack the skills to get us to this undetermined destination .	452
own beguiling things touching and , delicate very t its has droll fable little some belgian much film ) his , ( to say about what is important in life and why .	453
rare those occasions even on the when narrator stops yammering , miller 's hand often feels unsure .	454
in ( talent accurate observation evocative chaiken , an 's lies ) of a distinctive milieu and in the lively , convincing dialogue she creates for her characters .	455
sentimentality plotting clumsy sweet sticky , and a rosily myopic view of life in the wwii-era mississippi delta undermine this adaptation .	456
deeply a inspires it continuing and satisfying awareness of the best movies as monumental ` picture shows . ' 	457
the `` the auteuil covers daniel `` featuring , performance sade from seductive a same great dangerously period as kaufmann 's `` quills `` with more unsettlingly realistic results .	458
beautiful of , character tragic spite eyes viewed steady the in of decrepitude a through and who of a the , gives increasing you city in pulse life loss knows in his bones that he is one of the luckiest men alive .	459
if you are an actor who can relate to the search for inner peace by dramatically depicting the lives of others onstage , then esther 's story is a truth compelling quest for .	460
that it 's the bad too helping hand he uses to stir his ingredients is also a heavy one .	461
, yes dull .	462
some of their jokes work funny than pumpkin it fail , the is miserably in end and , but more far offensive most is .	463
intriguing documentary which is emotionally diluted by interesting focusing 's least the on story subject .	464
shaky close-ups of turkey-on-rolls spots filmmakers draw , do bobbed liver , , noses new and stubbly chins lead red nowhere easy the chuckles but .	465
screenplay the rich mike by covers a inspirational lot of ground , perhaps too much , but ties things together , neatly , by the end .	466
ramsay , as in ratcatcher , remains a filmmaker with an acid seem and of for and out a that might teasing drab settings real lives sordid gift poetry and chilly viewpoint otherwise .	467
often are the and characters interesting very creatively constructed from figure to backstory .	468
unremittingly so awful that labeling it a dog probably constitutes cruelty to canines .	469
barrage is 's reggio continual visual absorbing as well as thought-provoking .	470
adults will wish characterized were obvious simplistic clumsily movie , plotted and , shallowly the less .	471
emerge you a will with clearer view of how the gears of justice grind on and the death report comes to share airtime alongside the farm report .	472
' thanks absolute haynes to control of the film 's mood , and buoyed by three terrific performances , far from heaven actually pulls off this stylistic juggling act .	473
with is problem film the that this it lacks focus .	474
belongs to daniel day-lewis as much as it belongs to martin scorsese ; it 's a memorable performance in a big , brassy , disturbing film and highly unusual , successful .	475
-- mysteries two one involves it gives away and the other featuring such badly drawn characters that its outcome hardly matters .	476
a tv style murder mystery with a few big screen moments ( including one that seems to be made film altogether ) for a different .	477
a by-the-numbers patient/doctor that ground all covers usual the pic 	478
's it a stunning lyrical work of considerable force and truth .	479
while undisputed is n't exactly a high , it is a mr. in while that takes 's tidy hill , movie little than he gripping higher been a .	480
funny but slight perilously .	481
of of love less than suggests and 's nothing cq artists reflection cinema-and-self the a new voice that deserves to be considered as a possible successor to the best european directors .	482
even if you do n't think fun most activity courtroom ( trial great contemporary kissinger sure make statesmen criminal any more watch than ) a 's to he 'd guilty , of .	483
for , its its complexity extraordinary disturbing in dazzling themes , the piano teacher is a film that defies categorisation .	484
a literate presentation that wonderfully weaves a murderous event in 1873 with rage 2002 murderous in .	485
good is ; very script the n't not even someone as gifted as hoffman ( the actor ) can make it work .	486
( e ) ventually , every idea in this film is flushed down the latrine heroism of .	487
a cartoon that 's truly cinematic the compelling if belongs , heartfelt four-legged and 's big and scope a , heart to herbivore story in even that a -- .	488
importantly it 's but 's , , dumb it more just not scary .	489
is detox ultimately a pointless endeavor .	490
as a rumor of angels reveals itself to be a sudsy tub of supernatural hokum , not even ms. redgrave can it redeem efforts 's from hopeless sentimentality noblest .	491
an exquisitely tale acted and crafted .	492
is this so bad .	493
not enough talent for voices showcases and but not nearly 's , without carvey it taxing every drop of one 's patience to get to the good stuff .	494
light years / several warp speeds / levels and better than levels insurrection crystals of dilithium the pitiful .	495
about following it , dreams 's matter your no what your parents think .	496
less effect like overall is the a children 's movie than a recruitment film for future hollywood sellouts .	497
's film by performances anchored the williams friel and exceptional , 's power lies in its complexity .	498
unlike the speedy wham-bam effect of most hollywood offerings , character development -- and more importantly , character empathy -- is at the heart of for beginners italian .	499
too 's sequel big its a much that for britches .	500
its right harrison in 's , flowers puts heart the place but its brains are in no particular place at all .	501
deadeningly dull , in melodrama jargon nonsensical laboriousness , convoluted mired and stiff-upper-lip .	502
nothing no has no -- tension atmosphere , dragonfly but costner , flailing away .	503
the and funny film is powerful , accessible .	504
and that 's a big to part of why we movies go the .	505
nonstop -- romance crackerjack music suspense , , and entertainment action .	506
minor the figures surrounding ( bobby ) ... form a gritty urban mosaic .	507
poignant compelling a , love food of us story about on and takes relationships a bumpy but satisfying journey of the heart .	508
a a successfully movie that best crushes selling novel into a timeframe that mandates that you avoid the godzilla sized soda .	509
the vivid lead performances sustain interest and the final journey but destination the , interesting empathy far is than more .	510
lapaglia 's ability to convey with this master grief class 's weaver to hope two-actor reactions sensitive make and a works .	511
villeneuve spends too much time wallowing in bibi 's generic angst ( there are a lot gazing windows ) of of shots her out .	512
care deftly captures the wonder and menace of growing up , but he never really embraces the joy of fuhrman 's destructive escapism or the found characters his by grace-in-rebellion .	513
daughter an a horror performance director but and fearlessness utter raw , the ) is argento of her ( producer make egotistical dario endeavor this from here it strangely magnetic .	514
thrilling for sci-fi looking if a cinematic ride , do n't settle for this imposter .	515
plays like w magazine volatile a fashion and overlong spread .	516
questions asks , disturbing the reconfigured beneath surface this far tale not about those things we expect from military epics .	517
michael gerbosi telling economically 's scenes script is packed with .	518
moretti 's compelling anatomy of grief and the difficult process loss to adapting of .	519
for is first refreshingly the probably that appeal he more 'll so time grant incisive to guys than to their girlfriends who drag them to this movie for the hugh factor .	520
rejected comes a abc off like afterschool special , freshened up by the dunce of a screenwriting 101 class .	521
it of but has derivative its and generic camaraderie done , more death feels swaggering to moments often , just .	522
a romantic comedy enriched by a sharp eye mores and manners for .	523
fly-on-the-wall french to rural the method used document school life is a refreshing departure from the now more prevalent technique of the docu-makers being a visible part of their work .	524
rare than to has more make enough it charm birds memorable .	525
's disappointing instead to only bit decent it it be a that manages of dead brilliant .	526
all it has the excitement of eating oatmeal .	527
it haunts , horrifies , startles to it is look away ; impossible and fascinates .	528
depressed three close the is audience , terminally two forced for endure to hours to mostly inarticulate , hyper dysfunctional families for the price of one .	529
the and of woman one funny/gritty at a acted the humanizing of fable hands superbly of the unseen forces of fate .	530
so only t overplotted 'n do ) ' ( here , anne rice , can with much 's a florid rock anyone roll vampire novel before the built-in silliness of the whole affair defeats them .	531
unfamiliar with pentacostal anyone for practices in general and theatrical phenomenon of hell houses in particular , it 's an eye-opener .	532
`` mostly martha `` is a bright , light modern day family parable its to heart sleeve its on see all wears that for .	533
loved i just every minute of this film .	534
a quiet pure , film , elliptical 	535
love those disappointment for a who alternate versions of the bard , particularly ones that involve deep fryers and hamburgers .	536
for well-acted but a and encompasses , metaphor that ensemble a drama simple a potent gritty country still dealing with its fascist past .	537
it 's so mediocre on n't despite , ca satisfaction get just duo dynamic the we , no that marquee the .	538
do this film not see .	539
binoche makes it interesting trying out to find .	540
most the compelling wiseman epic of recent years .	541
no emotional there 's pulse to solaris .	542
chuckle for each there are at least 10 complete misses , many coming from the amazingly lifelike tara reid , whose acting skills are comparable to a cardboard cutout .	543
's focus has huppert although and intensity a raw exhilaration about it , the piano teacher is anything but fun .	544
the from scenes 's it , opening clear that all about the benjamins is a totally formulaic movie .	545
the on heels of the ring comes a similarly morose and humorless horror movie that , although flawed , is to be commended for its straight-ahead approach to creepiness .	546
is the film based on truth and yet there is something about it that feels incomplete , as if the real story starts just around the corner .	547
i 've , not cannes that after film a always 's but it this dreamed , deal big of seeing attending .	548
and a coarse stupid gross-out .	549
nothing ... scary here except for some awful acting and lame special effects .	550
up waking in in reno nothing ever inspired me to think of its inhabitants as anything more than markers in a screenplay .	551
franchise mucking 's storyline another with its here studio yet glitches up horror casual fans could correct in their sleep .	552
so unassuming and pure of heart , you ca n't help but warmly extend your arms and yell ` ! safe ' 	553
treats it women like idiots .	554
large marching a holes obvious through so be ... well and plot band stomping might as them in clown clothes , playing a college football fight song on untuned instruments .	555
but it 's too and long and a in muddle it convoluted ends too .	556
one of the a masterpiece the psychological happiness year individuals its with best of of obstacles the contemporary faced by exploration five films to ... .	557
deutchland not best mostly world although a cuisine considering make german readily martha mind come could cooking , when does the 's to popular destination for hungry tourists .	558
the first was black if men in money , the second is small change .	559
n't do be fooled by the impressive cast list - eye see you is pure junk .	560
another one of those estrogen overdose movies like `` divine secrets of the ya ya sisterhood , `` except that the writing , acting and character development are lot better a .	561
give a scorsese n't does us character worth giving a damn about .	562
into with lean epic has noyce fence tale rabbit-proof an , , tailored a economical movie .	563
plot up the add ultimately convolutions to nothing more than jerking the audience 's chain .	564
there are some wonderfully fresh moments that smooth the moral hopefulness and kindness with stiffness human .	565
does than a innocuous little past - an fill-in the-blanks tragic game of play more with .	566
feature debuter d.j . caruso directs a crack ensemble cast , 's narcotics to life bringing noir gayton screenwriter tony .	567
, fisticuffs does old to nothing with except sort in stop-go story it of show the new this slow motion that makes the gang rumbles look like they 're being streamed over a 28k modem .	568
, an energetic original those one of surprises that pleases almost everyone who sees it .	569
's seldahl barbara is a precise and moving portrait of someone whose world is turned upside down , first by passion and then by illness .	570
motion of the , 's wo kind entertainment but that it picture passable n't make much of a splash when it 's released , and will not be remembered long afterwards .	571
the film 's tone and pacing are off the almost from get-go .	572
lovely poignant and .	573
melodramatic a pretty 's opera that estrogen broad , toxic in its own right .	574
( director ) o'fallon manages to put some lovely pictures up on the big screen , but his skill at telling a story -- contributed short falls he -- to screenplay the also .	575
offers very little genuine romance and even sad movie a devoid charm of fewer of sitcom largely laughs , ... a .	576
long though only , 60 minutes the film is packed with information and impressions .	577
just campy enough not 	578
every dance becomes about seduction , where backstabbing and is and sex currency betrayals , are celebrated .	579
than kind takes ' expected as of ` worse horror it movie a certain qualify to , but ghost ship somehow manages to do exactly that .	580
, enjoyed be it can even not on the level that one enjoys a bad slasher flick , primarily because it is dull .	581
despite all evidence to the contrary , this clunker has somehow managed to pose as an actual feature movie , the kind that charges full admission and gets to hyped small children on and adults purports amuse tv and ostensible .	582
just it 's filler .	583
hamfisted makes a hapless girl facilitator that the comedy romantic our an of cheap extended shot across the mason-dixon line .	584
one of those pictures whose promising execution by , premise undercut is , rather amateurish if precious .	585
the humor is as innovative n't story original imaginative the not , nor the the sharp as , as effects in as .	586
director uwe boll and the actors provide throwback '70s this reason care to in scant crude .	587
as that the screen seen have a and big we story on it ... we , 's story before americans a n't , and human beings , should know .	588
if your taste runs to ` difficult ' films n't ca miss it absolutely you .	589
this movie is something of an impostor itself , stretching and padding its material in distracting a ends of blur camera work and dead .	590
i got headache meaningless downer a watching this .	591
script enough to 's not barely and plot stunts quite zaidan the enough has together string characterization to keep the faces straight .	592
bewilderingly and a underrated campbell terrific star the scott that gives performance is nothing short of mesmerizing .	593
slowly building and subtly , the film , sporting a breezy spontaneity and realistically drawn characterizations , develops into a significant character study that is both moving and wise .	594
all the amped-up tony hawk-style stunts and thrashing rap-metal ca n't disguise the fact , here , done that that really 've , been we .	595
director how the knows to apply textural gloss , but his portrait of sex-as-war is strictly sitcom .	596
rather visually , stunning but ultimately a handsome-looking bore , the true creativity would have been to hide treasure planet entirely and completely reimagine it .	597
grim , nonsensical exercise `` hollow , dull cyber-horror a `` is flick in flat scares and bad acting .	598
fat big waste of time .	599
schlock in 's to jump ridiculous it ship january speaking professionally avoid , to tempting like this shoddy suspense thriller .	600
a fancy real downer ?	601
instead , he shows them the respect they due are .	602
first-time writer-director serry shows a remarkable gift storytelling moving effective for little film , this with .	603
technical smoothes he up truths prowess film short vera 's over ends his hard ; selling even as he uncovers them .	604
face a puts land westerners most a human on are unfamiliar with .	605
makes for a pretty viewing experience unpleasant .	606
ahhhh ... revenge sweet is !	607
highbrow self-appointed guardians of culture need not apply , but those who found have ice last a as follow-up at loved cool worthy .	608
nine queens is not only than a frighteningly capable debut and genre piece , but a on a a of to coming head also snapshot dangerous verge of situation political the .	609
like you could from miles n't smell this rotting away turkey .	610
the performances take the movie to a level higher .	611
... is davis so enamored of her own creation that she ca n't see how insufferable the character is .	612
a the of with melds ... it baseball takes beauty and story that could touch anyone regardless of their familiarity with the sport 	613
against all odds in it hell out fine creeped and , just heaven me .	614
spy , in the game as bid tv-to-movie latest the franchise i makes its big-screen entry with little of the nervy originality of its groundbreaking small-screen progenitor .	615
there 's really only one good idea in this movie , director presents and with it an panache the with runs visual it but unforgettable .	616
surreal the of philbin ( 's regis - it glenn - , and voices so-inept the featuring dubbing close breckin meyer ) brings back memories of cheesy old godzilla flicks .	617
existential without or non-stop techno the overtones of a kieslowski morality tale , maelström is just another winter sleepers .	618
unclassifiably self study an - awful in and audience-abuse .	619
equivalent dinner to the a going moviegoing of party and being forced to watch the host and hostess 's home video of their baby 's birth .	620
kinnear does n't aim for our sympathy , but rather delivers a performance of striking and skill depth .	621
and so few boys dreams hopes perfectly the films little of capture on baseball fields as well as the grown men who sit in the stands .	622
it is amusing be 's to needs and that , it all .	623
, challenging intermittently engrossing and unflaggingly creative .	624
for the most part stevens glides through on some dialogue witty performances solid and .	625
about as documentary this is flick a as crowd-pleasing and cool can get .	626
breakdowns nervous are not entertaining .	627
effort mehta writer-director 's 's has tons of charm and the whimsy is in the mixture , the intoxicating masala , of cultures and film genres .	628
excessive , profane , characters packed comic-strip and cartoonish violence with .	629
thriller of two-hour psychological a a taut moment does n't waste that its running time .	630
burns never really harnesses to full cast energetic the effect .	631
just embarrassment and a vague shame sense of .	632
as is still the , visual , a treat film almost unsurpassed .	633
to screen his the harris the using commands , frailty ravages suggest of a life of corruption and ruthlessness .	634
rat or emptying traps .	635
offers staying the , in nature of ... and love of a enjoy much over to terms loyalty to mull and friends lot .	636
needs the piquant story more dramatic meat on its bones .	637
my wife is an actress is an utterly charming french comedy that feels so american in sensibility and style virtually hollywood its own remake it 's .	638
indifferently implausible popcorn movie programmer of a .	639
an important movie , a reminder of the power of film to move us and to make us our examine values .	640
spring the but magic lies richness of the mysterious in the film not in the of its performances .	641
this re-do rather railing that so clumsy , is becomes that ironically against so its dumb exploitative the everything and was original it violence in , .	642
the jabs it employs carefully , placed dead-center short are and .	643
while locals will get a kick out of spotting cleveland sites , the rest of the world will make comedy brothers might coen award-winning a quirks the enjoy envious with fast-paced that .	644
words , the ` frankly , my dear , i do n't give a damn , ' have never been more appropriate .	645
the longer the movie goes , the worse it gets , but it 's actually pretty good few in minutes first the .	646
too much flat humor falls the of .	647
, the proof , beautiful epicenter of that further cool thought-provoking foreign cinema is smack-dab in the middle of dubya 's axis of evil .	648
's few the the are ideas film stretched to point of evaporation ; the whole central section is one big chase that seems to have no goal and no urgency .	649
too too and long too slow , little happens .	650
to some script due weaknesses and the casting of the director 's brother , the film trails off into inconsequentiality .	651
a lackluster , unessential sequel to pan of barrie j.m disney classic 's . adaptation the peter .	653
lacking a so pastiche science-fiction in originality that if you stripped away its inspirations there would be precious little left .	654
birthday girl is an amusing joy ride , with some surprisingly moments violent .	655
so much facile technique , little , cute so movie ideas such .	656
expect the same-old , lame-old slasher nonsense , with scenery just different .	657
, witty smart a follow-up .	658
chabrol has taken promising material for a somber chamber black instead a it comedy and into turned drama .	659
is a mike winner like for kids , and no doubt a winner for lil bow wow , who can now add movies to the list of things he does well .	660
another movie , photographed a 's video it like film with the bad lighting that 's often written off as indie film naturalism .	661
almost justify to there the 's here not enough two hours .	662
it will grip even viewers who are n't interested in rap , as it cuts to the heart of american society in an way unnerving .	663
, beautifully the point more is mounted film but the to , issues , the are subtly presented , managing to walk a fine line with regard to the question of joan 's madness .	664
you and if 're not nearly moved to tears by a couple of scenes , you 've got ice water in your veins .	665
richard and gere actor diane fine as does oliver lane martinez in put performances french .	666
good film , glum but very .	667
there are plot holes big enough for shamu the killer to whale through swim .	668
preaches to two completely different choirs the accomplishment time is pretty amazing same at a which , .	669
implements verbinski every hack-artist trick to give us the ooky-spookies .	670
two hours fly by -- opera 's a comes a the exhilarated away intermissions have -- when form you do endure to n't pleasure and to novice even .	671
in all , this is watchable might a experience the it have movie that quite not memorable been 's .	672
volatile out , pressure-cooker drops the , a of a control what much focusing on you dizzying that quickly situation into while snowballs of , more than the why .	673
atom egoyan has conjured up a multilayered work that tackles any number fascinating of issues 	674
piece slick of cross-promotion .	675
well-nigh and to the remains strains poetry ... depressingly it , unendurable prosaic cinematic though picture dull become .	676
majidi is an unconventional storyteller , capable of finding beauty in the most places depressing .	677
the movie is n't just hilarious : it 's witty and inventive , too is dumb all that n't even it , and , in hindsight .	678
deftly treasures who filmmakers moods can change are and even marvels .	679
the vitality of the actors keeps the of high intensity together blend the film the , even as strafings .	680
blob of shapeless ) a ( desperate entertainment .	681
in the end its best foundation on movie director the carnahan joe of , despite shaky collapses the efforts .	682
of at courage harrowing to -- and tries tale drama auschwitz that complicity a -- is true tell of the unspeakable .	683
a study in shades up itself plot ... in subtle of offering , gray maneuvers 	684
showmanship no has fantasy-adventure in screen memory ' the 45 of last clones recent minutes .	685
, more emotional more romantic more and ultimately satisfying than the teary-eyed original .	686
a this shameless is sham , calculated to cash in on the popularity of its stars .	687
if you 've ever entertained the notion of doing actually shows strangers film put may with idea implies forever what what off of the title this the you , sex .	688
once the 50 wood the as find back , year come to longing the old of benigni for character ourselves appears we block title .	689
, stultifyingly , dumbfoundingly mind-numbingly bad .	690
an effectively creepy , fear-inducing ( not fear-reducing ) film from japanese director hideo nakata , who takes the superstitious curse on chain letters and it actually applies .	691
rebecca not glide sustains its cheesy of dreamlike , through of is and least succession cheap voluptuous effects coincidences a the which romijn-stamos .	692
last unnecessary because of an and clumsy scene , ` swimfan ' left me with a very bad feeling .	693
no version import inform to social aspirations the movie .	694
need a one sit through you this watch magic n't , and wo to stop time ; your dvd player will do it for you .	695
for the first time in years , de co-stars been emotionally powerful the because perhaps work his 's he of stirred , niro digs deep by .	696
not since tom impression made actor such underwear in business his a an risky strong has in cruise .	697
interesting with an story a pertinent ( cinematically unique ) message , told fairly well and scored to perfection , i found myself struggling to put my finger on that elusive `` missing thing . `` 	698
diversion harmless and ... , little routine else .	699
idiot really bond a a the james time ripe the for with warmed-over village , is adventure as 007 clone ?	700
more make n't than hotdog chef hotdog the anything even ca finest a into a , and robert de niro ca n't make this movie anything more than a trashy cop buddy comedy .	701
the reality of the new live-action pinocchio he directed , starred in on grotesque cowrote and borders the .	702
it of is stream , ethos a consciousness film new blackboards 's the samira much like makhmalbaf , of although 's unfortunate for the viewer that the thoughts and reflections coming through are torpid and banal 	703
a bloated gasbag thesis grotesquely impressed by its own gargantuan self-importance aura of ... 	704
every time you home sweet taking bummer a look of is alabama turn wrong , another .	705
how you do cliché spell ?	706
telegraphing no is too obvious or simplistic for this movie .	707
of and director the in movie costumes delhomme delicious and the benoit colors , photography shot sets are grand .	708
my stopped watch had thought i own keeping time as i slogged my way through clockstoppers .	709
dizzying less than just dizzy , the jaunt is practically over before it begins .	710
overall the film feels like a low-budget tv to not that could tube on a find pilot play buyer it the .	711
have called they should it gutterball .	712
corpus collosum -- while undeniably interesting -- wore out its welcome well before the end credits rolled about minutes 45 in .	713
( of n that and comedies a the reminded ) utterly of the from film disney me charming the 60s best hilarious .	714
there 's too much falseness to the second half , began look into ridiculous and as a an what heart-tugging at at intriguing attempt dull youth fizzles , .	715
wince-inducing dialogue , thrift-shop costumes , prosthetic makeup by silly putty and kmart blue-light-special effects all conspire test trekkie loyalty to .	716
a rigorously structured and exquisitely filmed drama about that is star and brief a son connection father love shooting a of .	717
this is human comedy at its most amusing , confirming interesting and .	718
whaley 's determination to immerse you in sheer , unrelenting exhausting wretchedness is .	719
the -- watching it a for documents way jie performance and for culture dong worth 's in the throes of rapid change .	720
a mortality poignant , artfully on meditation crafted .	721
be ... and engaging obvious restrained too the to to pretentious be cerebral freak , too dull a and to too show , mercenary be isle defies an easy categorization .	722
vera 's three actors -- in moll performances gil and insightful empathetic bardem excel , , -- .	723
it you n't for 's go everything movies do the to .	724
out magic over takes film bumbling 's the turns and ( ) , grant it to be another winning star vehicle .	725
moving just and and expect engrossing the novella as is screen onto the could about it much gets one of as , reasonably in its own right .	726
concept commodified wrong independent sold-out with `` `` everything film , represents velocity as a on the american filmmaking scene .	727
but taken as a stylish and energetic one-shot , the queen of the damned to be can not said suck .	728
plays the piece as well as it does thanks in large measure to anspaugh 's three lead actresses .	729
suffocated by its fussy script and uptight characters , this musty adaptation is all the more annoying since it back to by sold and 's been hollywood us packaged .	730
are but doing what adults in the theater at all ?	731
at trapped being perpetual frat like a party ... how can something so gross be so boring ?	732
cold that bliss-less some from man some comment groans on important how throws elysian itself thinking work , is us life the along fields a beguiling curves .	733
is this n't even madonna 's swept away .	734
a ; going experience rewarding the the a to of festival film one is experiencing of sampling one through this movie is not .	735
american chai encourages rueful laughter at stereotypes would indian-american an recognize only .	736
my big fat greek wedding uses stereotypes in a delightful blend humor out of dished sweet and lovingly romance .	737
... a magnificent drama worth tracking down well .	738
importance be the earnest of oscar may , best the play being , 's masterpiece wilde of the 19th century .	739
jose campanella delivers a loosely autobiographical story brushed with sentimentality but brimming with gentle humor , bittersweet pathos , moments of that memory lyric linger and snapshots like .	740
but it jingles in pocket still the .	741
it 's a demented kitsch mess ( although the smeary digital video does match the muddled narrative ) , but it energy celebrity year this open and 's will of savvy and what guts has much more than about .	742
you really have have diabolical , guffaw with utterly this thought on could audiences make wonder 'd to how they anywhere anyone earth a as script as .	743
from the one heart .	744
and made sanctimonious no discernible with craft monstrously in dealing with childhood loss .	745
its people cinema at finest .	746
is full what 's frontal about surprising that despite its overt self-awareness , parts of the movie still manage to break past the artifice and thoroughly engage you .	747
you big a , that when talking about 's and comedy slapstick pretty 're a problem .	748
a working class `` us vs. them `` opera that leaves no heartstring untugged cause unplundered no and liberal .	749
approach ... from 's the brutally unsentimental sucks nelson humanity the film , leaving behind an horrific but weirdly unemotional spectacle .	750
long string one of cliches .	751
like watching a dress rehearsal the week before the show goes up : everything 's in place but something 's just little off-kilter a .	752
hard it to 's imagine alan arkin being better than he is in this performance .	753
film the will play equally well on both the standard and giant screens .	754
fun ... a little timewaster , helped especially by the cool presence of jean reno .	755
the something like scrubbing toilet .	756
there 's enough melodrama in this magnolia primavera to make pta proud are yet director of television than worthy of muccino daytime less are they puccini 's characters .	757
may be far from the best of the series , but it 's assured , wonderfully make past enough a movie once new this generation reinvented to it phenomenon its itself thrilling again abundantly respectful of clear and for that has .	758
if there 's one thing this world needs less of , it college and directed who exam n't entrance about that pass 's by movies are an could people written .	759
cliches crime manual moves is 's to , enough but joe a fast carnahan precinct of grimy drama writer/director it cover its clunky dialogue and lapses in logic .	760
candy something gaudy the , from a of a stale result is bag halloween that died .	761
a it lovely 's film with lovely performances by buy and accorsi .	762
there 's something auspicious , and daring , too , about the artistic instinct that pushes a majority-oriented director like steven spielberg to follow a.i . with report this liable to so majority the unnerve challenging .	763
ready movie fans to take get off , ... the other direction .	764
not an objectionable or dull good it ; except everything lacks intentions merely film .	765
careful story while opaque satisfy pace not every seemingly moviegoer may its and 's appetite , the film 's final scene is soaringly , transparently moving .	766
a marrow god film man young and to touching that the a about is finding accessible .	767
the of withering compelling of about life spanish a young film jealousy in effects the a monarch whose sexual passion for her husband becomes an obsession .	768
infectious an with cultural fable a tasty balance of family drama and frenetic comedy .	769
n't think do i i laughed out loud once .	770
very special effects , brilliantly bold colors and heightened reality ca n't hide the giant achilles ' heel in `` stuart little 2 `` : there 's just , no story folks .	771
mainstream a that , will the audience to of film appeal but is a there kind not american certain charm about the film that makes it a suitable entry into the fest circuit .	772
it 's a madness beautiful .	773
ended when i the film , felt tired and drained and wanted to lie on my own deathbed for a while .	774
not really bad so much as distasteful : we need kidnapping suspense dramas right now like we need thrillers doomsday .	775
as ` ' this plotting flicks pretty development resorting intelligent is one , than , to legitimate miserable character rather and string-pulling go chick .	776
candidly by detailing the politics involved in the creation of an extraordinary piece of music , ( jones ) calls our attention to the inherent conflict between commerce and creativity .	777
moviegoing the one significant most of pleasures of the year .	778
little aside playthings 's prurient there , to love about this english trifle .	779
grimly and a stolid competent and earnest military courtroom drama .	780
at half-baked once overheated and .	781
damon the film find and takes may structure the ben matt affleck once again looking for residuals as this officially completes a good will hunting trilogy that was never planned .	782
job laying out the movie a good of the does of some major issues that we encounter as we journey through life .	783
very psychoanalytical -- literary and also -- refreshingly so provocatively .	784
the is movie minor same , from in this aside probably tinkering you loved 1994 , except that it looks even better .	785
the film makes a fatal mistake : it asks us to care about a young man whose only apparent virtue is that the in of unpleasant he as not life his quite some people as is .	786
a valueless kiddie paean pro by the to nba underwritten basketball .	787
based on a devilishly witty script by heather mcgowan and niels mueller , the film gets great laughs , but never at the expense of characters its 	788
as it 's if you 're watching a movie that was made in 1978 but not released then because it was so weak , and it has been unearthed and released now , when it has become even weaker .	789
's that a cheat .	790
it 's somewhat clumsy and too lethargically paced -- but a offers abilities mysterious with a , and chills , build-up a along creature story the solid climax nice its way terrific about some psychic .	791
it 's lite fun .	792
... an otherwise intense , twist-and-turn thriller that certainly n't young talented 's hurt should resume gaghan .	793
it confirms fincher 's status as a film maker who artfully bends technical know-how to the service of insight psychological .	794
moment no , , when contains good barely a saturday good 's jokes film no scenes carvey the night live-honed mimicry rises above the level of embarrassment .	795
a fitfully amusing romp that , if nothing else , and muniz , in frankie will fans star malcolm pubescent appeal to its middle the of .	796
its it cops surprise n't any does huge not of , love of original 's story of element robbed and irresponsible laughs have the who , it , in to play pranks .	797
though moonlight mile is replete with acclaimed actors and actresses and tackles a subject that 's potentially movie of , too level self-conscious a moving reach and the to is high predictable drama too .	798
a tender , witty trust and friendship love film , loyalty , , captivating about memory , .	799
